{"stats":{"minecraft:used":{"minecraft:iron_leggings":1},"minecraft:custom":{"minecraft:jump":7,"minecraft:open_chest":1,"minecraft:time_since_rest":2010,"minecraft:sprint_one_cm":1157,"minecraft:play_time":2010,"minecraft:time_since_death":2010,"minecraft:walk_one_cm":3065,"minecraft:total_world_time":2010,"minecraft:drop":4,"minecraft:fly_one_cm":955},"minecraft:dropped":{"minecraft:iron_leggings":1,"minecraft:iron_chestplate":1,"minecraft:iron_helmet":2},"minecraft:picked_up":{"minecraft:iron_leggings":1,"minecraft:iron_chestplate":1,"minecraft:iron_helmet":2}},"DataVersion":3465}