{"stats":{"minecraft:killed_by":{"minecraft:skeleton":4},"minecraft:used":{"minecraft:birch_planks":11,"minecraft:stripped_birch_log":1,"minecraft:wooden_pickaxe":23,"minecraft:iron_sword":32,"minecraft:iron_chestplate":2,"minecraft:dirt":14,"minecraft:crafting_table":1,"minecraft:wooden_axe":65,"minecraft:iron_axe":23,"minecraft:iron_pickaxe":9,"minecraft:birch_log":1,"minecraft:cooked_beef":2,"minecraft:iron_leggings":1},"minecraft:custom":{"minecraft:mob_kills":1,"minecraft:interact_with_crafting_table":1,"minecraft:time_since_death":1165,"minecraft:climb_one_cm":17787,"minecraft:time_since_rest":1200,"minecraft:sprint_one_cm":77835,"minecraft:damage_taken":1408,"minecraft:walk_one_cm":71582,"minecraft:drop":72,"minecraft:damage_dealt":483,"minecraft:fly_one_cm":88483,"minecraft:player_kills":1,"minecraft:open_chest":3,"minecraft:crouch_one_cm":653,"minecraft:play_time":26010,"minecraft:deaths":5,"minecraft:sneak_time":209,"minecraft:walk_under_water_one_cm":498,"minecraft:boat_one_cm":17882,"minecraft:jump":487,"minecraft:walk_on_water_one_cm":562,"minecraft:total_world_time":26010,"minecraft:fall_one_cm":9397},"minecraft:mined":{"minecraft:white_bed":1,"minecraft:dark_oak_log":5,"minecraft:stripped_birch_log":2,"minecraft:spawner":2,"minecraft:birch_log":42,"minecraft:grass":3,"minecraft:red_tulip":3,"minecraft:oak_log":23,"minecraft:smooth_quartz":4,"minecraft:light_gray_concrete":1,"minecraft:dirt":1,"minecraft:stripped_oak_log":2,"minecraft:stone":15,"minecraft:fern":1,"minecraft:redstone_lamp":1,"minecraft:tripwire":1},"minecraft:dropped":{"minecraft:wheat_seeds":2,"minecraft:chiseled_quartz_block":5,"minecraft:orange_tulip":1,"minecraft:iron_helmet":3,"minecraft:rotten_flesh":4,"minecraft:name_tag":1,"minecraft:light_gray_concrete":22,"minecraft:spruce_stairs":3,"minecraft:dirt":1,"minecraft:dark_oak_log":1,"minecraft:gunpowder":2,"minecraft:iron_chestplate":2,"minecraft:smooth_quartz":4,"minecraft:iron_door":1,"minecraft:map":1,"minecraft:chest":1,"minecraft:iron_leggings":1,"minecraft:spruce_slab":2,"minecraft:arrow":6,"minecraft:beef":1,"minecraft:string":15,"minecraft:music_disc_cat":1,"minecraft:redstone":1},"minecraft:broken":{"minecraft:wooden_axe":1},"minecraft:picked_up":{"minecraft:stripped_oak_log":2,"minecraft:birch_log":41,"minecraft:iron_chestplate":3,"minecraft:cooked_beef":64,"minecraft:iron_door":1,"minecraft:redstone_lamp":1,"minecraft:chiseled_quartz_block":5,"minecraft:oak_log":23,"minecraft:gunpowder":2,"minecraft:stripped_birch_log":1,"minecraft:dirt":15,"minecraft:map":1,"minecraft:music_disc_cat":1,"minecraft:string":15,"minecraft:red_bed":1,"minecraft:iron_axe":1,"minecraft:name_tag":1,"minecraft:iron_leggings":1,"minecraft:bone":17,"minecraft:apple":1,"minecraft:wheat_seeds":3,"minecraft:orange_tulip":1,"minecraft:iron_ingot":3,"minecraft:beef":1,"minecraft:smooth_quartz":9,"minecraft:spruce_slab":2,"minecraft:chest":1,"minecraft:birch_sapling":6,"minecraft:dark_oak_sapling":1,"minecraft:stick":4,"minecraft:spruce_stairs":3,"minecraft:stone_button":1,"minecraft:white_bed":1,"minecraft:redstone":1,"minecraft:dark_oak_log":5,"minecraft:light_gray_concrete":22,"minecraft:arrow":6,"minecraft:rotten_flesh":4,"minecraft:iron_helmet":3,"minecraft:red_tulip":3,"minecraft:emerald":2,"minecraft:oak_sapling":5,"minecraft:cobblestone":15},"minecraft:crafted":{"minecraft:oak_planks":92,"minecraft:crafting_table":2,"minecraft:wooden_pickaxe":1,"minecraft:birch_planks":24,"minecraft:stick":8,"minecraft:wooden_axe":1},"minecraft:killed":{"minecraft:skeleton":1}},"DataVersion":3465}