{"stats":{"minecraft:killed_by":{"minecraft:skeleton":2},"minecraft:used":{"minecraft:birch_planks":5,"minecraft:stripped_birch_log":1,"minecraft:iron_axe":23,"minecraft:iron_pickaxe":9,"minecraft:iron_sword":32,"minecraft:iron_chestplate":2,"minecraft:dirt":8,"minecraft:birch_log":1,"minecraft:cooked_beef":1,"minecraft:iron_leggings":1},"minecraft:mined":{"minecraft:birch_log":5,"minecraft:stripped_birch_log":2,"minecraft:dark_oak_log":5,"minecraft:grass":3,"minecraft:light_gray_concrete":1,"minecraft:dirt":1,"minecraft:smooth_quartz":4,"minecraft:tripwire":1,"minecraft:redstone_lamp":1,"minecraft:spawner":2},"minecraft:custom":{"minecraft:time_since_rest":1548,"minecraft:sprint_one_cm":40000,"minecraft:damage_taken":823,"minecraft:walk_one_cm":46166,"minecraft:mob_kills":1,"minecraft:drop":6,"minecraft:damage_dealt":377,"minecraft:fly_one_cm":60107,"minecraft:player_kills":1,"minecraft:open_chest":3,"minecraft:crouch_one_cm":653,"minecraft:play_time":14010,"minecraft:deaths":3,"minecraft:sneak_time":206,"minecraft:jump":302,"minecraft:time_since_death":1522,"minecraft:total_world_time":14010,"minecraft:climb_one_cm":12702,"minecraft:fall_one_cm":6287},"minecraft:dropped":{"minecraft:iron_chestplate":2,"minecraft:iron_helmet":3,"minecraft:iron_leggings":1},"minecraft:picked_up":{"minecraft:birch_log":5,"minecraft:dark_oak_sapling":1,"minecraft:iron_chestplate":3,"minecraft:redstone_lamp":1,"minecraft:spruce_stairs":2,"minecraft:stone_button":1,"minecraft:gunpowder":1,"minecraft:redstone":1,"minecraft:string":2,"minecraft:dark_oak_log":4,"minecraft:dirt":15,"minecraft:stripped_birch_log":1,"minecraft:red_bed":1,"minecraft:iron_leggings":1,"minecraft:light_gray_concrete":1,"minecraft:arrow":1,"minecraft:bone":5,"minecraft:rotten_flesh":4,"minecraft:orange_tulip":1,"minecraft:iron_helmet":3,"minecraft:emerald":2,"minecraft:smooth_quartz":6,"minecraft:birch_sapling":1},"minecraft:crafted":{"minecraft:birch_planks":16},"minecraft:killed":{"minecraft:skeleton":1}},"DataVersion":3465}