{"stats":{"minecraft:killed_by":{"minecraft:skeleton":4},"minecraft:used":{"minecraft:birch_planks":11,"minecraft:stripped_birch_log":1,"minecraft:stone_pickaxe":26,"minecraft:wooden_pickaxe":23,"minecraft:iron_sword":32,"minecraft:iron_chestplate":2,"minecraft:torch":13,"minecraft:dirt":14,"minecraft:crafting_table":3,"minecraft:wooden_axe":65,"minecraft:iron_axe":33,"minecraft:iron_pickaxe":66,"minecraft:birch_log":1,"minecraft:cooked_beef":5,"minecraft:iron_leggings":1},"minecraft:custom":{"minecraft:mob_kills":6,"minecraft:interact_with_crafting_table":6,"minecraft:time_since_death":13165,"minecraft:climb_one_cm":18589,"minecraft:time_since_rest":13200,"minecraft:sprint_one_cm":109885,"minecraft:damage_taken":1723,"minecraft:walk_one_cm":102352,"minecraft:drop":79,"minecraft:damage_dealt":772,"minecraft:swim_one_cm":1277,"minecraft:fly_one_cm":109438,"minecraft:player_kills":2,"minecraft:open_chest":3,"minecraft:crouch_one_cm":653,"minecraft:play_time":38010,"minecraft:deaths":5,"minecraft:sneak_time":211,"minecraft:walk_under_water_one_cm":1449,"minecraft:boat_one_cm":17882,"minecraft:jump":721,"minecraft:walk_on_water_one_cm":9541,"minecraft:total_world_time":38010,"minecraft:fall_one_cm":16267},"minecraft:mined":{"minecraft:white_bed":1,"minecraft:dark_oak_log":5,"minecraft:stripped_birch_log":2,"minecraft:torch":4,"minecraft:clay":2,"minecraft:crafting_table":1,"minecraft:cobblestone":1,"minecraft:deepslate_gold_ore":16,"minecraft:moss_block":3,"minecraft:wall_torch":2,"minecraft:spawner":2,"minecraft:birch_log":42,"minecraft:iron_ore":7,"minecraft:grass":6,"minecraft:coal_ore":18,"minecraft:red_tulip":3,"minecraft:oak_log":23,"minecraft:deepslate_iron_ore":6,"minecraft:smooth_quartz":4,"minecraft:light_gray_concrete":1,"minecraft:dirt":1,"minecraft:stripped_oak_log":2,"minecraft:stone":18,"minecraft:gold_ore":4,"minecraft:deepslate":2,"minecraft:fern":1,"minecraft:redstone_lamp":1,"minecraft:tripwire":1},"minecraft:dropped":{"minecraft:wheat_seeds":2,"minecraft:chiseled_quartz_block":5,"minecraft:cobbled_deepslate":2,"minecraft:crafting_table":1,"minecraft:orange_tulip":1,"minecraft:iron_helmet":3,"minecraft:rotten_flesh":4,"minecraft:name_tag":1,"minecraft:light_gray_concrete":22,"minecraft:spruce_stairs":3,"minecraft:dirt":1,"minecraft:dark_oak_log":1,"minecraft:gunpowder":2,"minecraft:iron_chestplate":2,"minecraft:smooth_quartz":4,"minecraft:iron_door":1,"minecraft:map":1,"minecraft:chest":1,"minecraft:iron_leggings":1,"minecraft:spruce_slab":2,"minecraft:wooden_pickaxe":2,"minecraft:stone_pickaxe":2,"minecraft:arrow":6,"minecraft:beef":1,"minecraft:string":15,"minecraft:music_disc_cat":1,"minecraft:redstone":1},"minecraft:broken":{"minecraft:wooden_axe":1},"minecraft:picked_up":{"minecraft:stripped_oak_log":2,"minecraft:birch_log":41,"minecraft:crafting_table":2,"minecraft:iron_chestplate":3,"minecraft:cooked_beef":64,"minecraft:glow_ink_sac":2,"minecraft:clay_ball":40,"minecraft:iron_door":1,"minecraft:redstone_lamp":1,"minecraft:wooden_pickaxe":1,"minecraft:chiseled_quartz_block":5,"minecraft:oak_log":23,"minecraft:lapis_lazuli":12,"minecraft:gunpowder":2,"minecraft:stripped_birch_log":1,"minecraft:dirt":15,"minecraft:map":1,"minecraft:music_disc_cat":1,"minecraft:string":15,"minecraft:red_bed":1,"minecraft:iron_axe":1,"minecraft:name_tag":1,"minecraft:iron_leggings":1,"minecraft:bone":18,"minecraft:apple":1,"minecraft:wheat_seeds":4,"minecraft:orange_tulip":1,"minecraft:cobbled_deepslate":2,"minecraft:raw_gold":19,"minecraft:stone_pickaxe":1,"minecraft:iron_ingot":3,"minecraft:beef":1,"minecraft:azalea":1,"minecraft:smooth_quartz":9,"minecraft:spruce_slab":2,"minecraft:moss_block":4,"minecraft:chest":1,"minecraft:birch_sapling":6,"minecraft:dark_oak_sapling":1,"minecraft:raw_iron":18,"minecraft:stick":6,"minecraft:big_dripleaf":1,"minecraft:torch":7,"minecraft:spruce_stairs":3,"minecraft:stone_button":1,"minecraft:white_bed":1,"minecraft:redstone":1,"minecraft:dark_oak_log":5,"minecraft:light_gray_concrete":22,"minecraft:arrow":7,"minecraft:rotten_flesh":4,"minecraft:iron_helmet":3,"minecraft:red_tulip":3,"minecraft:emerald":21,"minecraft:oak_sapling":5,"minecraft:coal":18,"minecraft:cobblestone":69},"minecraft:crafted":{"minecraft:oak_planks":92,"minecraft:crafting_table":2,"minecraft:wooden_pickaxe":1,"minecraft:birch_planks":24,"minecraft:stick":8,"minecraft:iron_pickaxe":1,"minecraft:stone_pickaxe":1,"minecraft:wooden_axe":1,"minecraft:torch":20},"minecraft:killed":{"minecraft:slime":5,"minecraft:skeleton":1,"minecraft:player":1}},"DataVersion":3465}