{"stats":{"minecraft:killed_by":{"minecraft:player":2,"minecraft:skeleton":2,"minecraft:spider":1},"minecraft:used":{"minecraft:cooked_mutton":3,"minecraft:birch_planks":9,"minecraft:birch_boat":1,"minecraft:chest":5,"minecraft:shield":4,"minecraft:iron_sword":55,"minecraft:iron_chestplate":1,"minecraft:torch":3,"minecraft:mutton":2,"minecraft:crafting_table":3,"minecraft:white_bed":3,"minecraft:grass_block":1,"minecraft:iron_axe":92,"minecraft:birch_sapling":4,"minecraft:string":1,"minecraft:iron_pickaxe":117,"minecraft:iron_helmet":3,"minecraft:smooth_quartz":3,"minecraft:iron_boots":1,"minecraft:beef":1,"minecraft:furnace":1,"minecraft:birch_log":8,"minecraft:egg":2,"minecraft:cooked_beef":3,"minecraft:iron_leggings":1},"minecraft:mined":{"minecraft:white_bed":2,"minecraft:red_bed":2,"minecraft:cave_vines_plant":1,"minecraft:emerald_ore":19,"minecraft:chest":1,"minecraft:cobblestone":6,"minecraft:lapis_ore":2,"minecraft:moss_block":5,"minecraft:wall_torch":1,"minecraft:big_dripleaf":1,"minecraft:spawner":2,"minecraft:spruce_stairs":2,"minecraft:iron_ore":12,"minecraft:birch_log":72,"minecraft:andesite":6,"minecraft:deepslate_iron_ore":2,"minecraft:cave_vines":1,"minecraft:light_gray_concrete":1,"minecraft:stone":54,"minecraft:spruce_slab":1},"minecraft:custom":{"minecraft:interact_with_furnace":1,"minecraft:mob_kills":16,"minecraft:interact_with_crafting_table":5,"minecraft:time_since_death":11817,"minecraft:sleep_in_bed":1,"minecraft:climb_one_cm":13263,"minecraft:time_since_rest":11844,"minecraft:sprint_one_cm":102631,"minecraft:damage_taken":2868,"minecraft:walk_one_cm":99894,"minecraft:damage_blocked_by_shield":405,"minecraft:drop":69,"minecraft:damage_dealt":2359,"minecraft:swim_one_cm":7875,"minecraft:fly_one_cm":145074,"minecraft:open_chest":19,"minecraft:crouch_one_cm":2244,"minecraft:play_time":47080,"minecraft:deaths":7,"minecraft:sneak_time":774,"minecraft:walk_under_water_one_cm":1708,"minecraft:boat_one_cm":15837,"minecraft:jump":639,"minecraft:walk_on_water_one_cm":6259,"minecraft:total_world_time":47080,"minecraft:fall_one_cm":25637},"minecraft:dropped":{"minecraft:iron_ingot":3,"minecraft:moss_block":2,"minecraft:birch_planks":64,"minecraft:lapis_lazuli":24,"minecraft:cooked_beef":64,"minecraft:chiseled_quartz_block":10,"minecraft:dark_oak_sapling":1,"minecraft:birch_sapling":11,"minecraft:raw_iron":2,"minecraft:orange_tulip":1,"minecraft:iron_helmet":1,"minecraft:cobblestone":45,"minecraft:rotten_flesh":4,"minecraft:leather":1,"minecraft:name_tag":2,"minecraft:light_gray_concrete":22,"minecraft:spruce_stairs":3,"minecraft:stick":12,"minecraft:emerald":24,"minecraft:red_bed":1,"minecraft:dark_oak_log":2,"minecraft:gunpowder":1,"minecraft:torch":1,"minecraft:iron_chestplate":1,"minecraft:smooth_quartz":2,"minecraft:iron_door":2,"minecraft:map":1,"minecraft:chest":2,"minecraft:spruce_slab":4,"minecraft:iron_axe":4,"minecraft:arrow":7,"minecraft:beef":2,"minecraft:iron_pickaxe":2,"minecraft:string":14,"minecraft:music_disc_cat":1,"minecraft:bone":16,"minecraft:redstone":1},"minecraft:picked_up":{"minecraft:birch_log":72,"minecraft:clay_ball":16,"minecraft:andesite":6,"minecraft:iron_door":2,"minecraft:leather":1,"minecraft:chiseled_quartz_block":10,"minecraft:birch_planks":64,"minecraft:gunpowder":1,"minecraft:moss_carpet":2,"minecraft:lapis_lazuli":24,"minecraft:map":2,"minecraft:music_disc_cat":2,"minecraft:string":22,"minecraft:red_bed":2,"minecraft:iron_axe":2,"minecraft:name_tag":2,"minecraft:bone":16,"minecraft:orange_tulip":1,"minecraft:beef":3,"minecraft:iron_ingot":3,"minecraft:smooth_quartz":1,"minecraft:spruce_slab":6,"minecraft:moss_block":8,"minecraft:chest":2,"minecraft:birch_sapling":15,"minecraft:egg":2,"minecraft:raw_iron":10,"minecraft:dark_oak_sapling":1,"minecraft:stick":12,"minecraft:birch_boat":1,"minecraft:torch":2,"minecraft:spruce_stairs":3,"minecraft:white_bed":2,"minecraft:redstone":1,"minecraft:dark_oak_log":2,"minecraft:light_gray_concrete":22,"minecraft:arrow":10,"minecraft:rotten_flesh":6,"minecraft:tropical_fish":3,"minecraft:iron_helmet":2,"minecraft:emerald":24,"minecraft:glow_berries":1,"minecraft:mutton":4,"minecraft:white_wool":3,"minecraft:cobblestone":55},"minecraft:crafted":{"minecraft:crafting_table":3,"minecraft:birch_boat":1,"minecraft:furnace":1,"minecraft:birch_planks":256,"minecraft:white_bed":1},"minecraft:killed":{"minecraft:magma_cube":4,"minecraft:creeper":1,"minecraft:sheep":3,"minecraft:skeleton":5,"minecraft:zombie":2,"minecraft:cow":1}},"DataVersion":3465}