{"stats":{"minecraft:killed_by":{"minecraft:player":1,"minecraft:skeleton":2,"minecraft:spider":1},"minecraft:used":{"minecraft:chest":5,"minecraft:shield":4,"minecraft:iron_sword":55,"minecraft:iron_chestplate":1,"minecraft:grass_block":1,"minecraft:iron_axe":15,"minecraft:string":1,"minecraft:iron_pickaxe":3,"minecraft:iron_helmet":3,"minecraft:iron_boots":1,"minecraft:beef":1,"minecraft:birch_log":7,"minecraft:cooked_beef":3,"minecraft:iron_leggings":1},"minecraft:mined":{"minecraft:red_bed":2,"minecraft:chest":1,"minecraft:spawner":2,"minecraft:spruce_stairs":2,"minecraft:birch_log":7,"minecraft:light_gray_concrete":1,"minecraft:spruce_slab":1},"minecraft:custom":{"minecraft:mob_kills":11,"minecraft:time_since_death":2926,"minecraft:climb_one_cm":12406,"minecraft:time_since_rest":2955,"minecraft:sprint_one_cm":32725,"minecraft:damage_taken":2411,"minecraft:walk_one_cm":49178,"minecraft:damage_blocked_by_shield":405,"minecraft:drop":33,"minecraft:damage_dealt":1709,"minecraft:fly_one_cm":77450,"minecraft:open_chest":19,"minecraft:crouch_one_cm":1142,"minecraft:play_time":23080,"minecraft:deaths":6,"minecraft:sneak_time":102,"minecraft:jump":332,"minecraft:total_world_time":23080,"minecraft:fall_one_cm":18241},"minecraft:dropped":{"minecraft:iron_ingot":3,"minecraft:chiseled_quartz_block":5,"minecraft:dark_oak_sapling":1,"minecraft:birch_sapling":2,"minecraft:orange_tulip":1,"minecraft:iron_helmet":1,"minecraft:rotten_flesh":4,"minecraft:leather":1,"minecraft:name_tag":1,"minecraft:light_gray_concrete":11,"minecraft:spruce_stairs":3,"minecraft:stick":1,"minecraft:emerald":2,"minecraft:red_bed":1,"minecraft:dark_oak_log":1,"minecraft:gunpowder":1,"minecraft:iron_chestplate":1,"minecraft:smooth_quartz":1,"minecraft:iron_door":1,"minecraft:map":1,"minecraft:chest":1,"minecraft:spruce_slab":2,"minecraft:arrow":2,"minecraft:beef":1,"minecraft:string":7,"minecraft:music_disc_cat":1,"minecraft:bone":14,"minecraft:redstone":1},"minecraft:picked_up":{"minecraft:birch_log":7,"minecraft:iron_door":1,"minecraft:leather":1,"minecraft:chiseled_quartz_block":5,"minecraft:gunpowder":1,"minecraft:map":1,"minecraft:music_disc_cat":1,"minecraft:string":8,"minecraft:red_bed":2,"minecraft:name_tag":1,"minecraft:bone":14,"minecraft:orange_tulip":1,"minecraft:beef":2,"minecraft:iron_ingot":3,"minecraft:smooth_quartz":1,"minecraft:spruce_slab":2,"minecraft:chest":1,"minecraft:birch_sapling":2,"minecraft:dark_oak_sapling":1,"minecraft:stick":1,"minecraft:spruce_stairs":3,"minecraft:redstone":1,"minecraft:dark_oak_log":1,"minecraft:light_gray_concrete":11,"minecraft:arrow":2,"minecraft:rotten_flesh":4,"minecraft:iron_helmet":2,"minecraft:emerald":2},"minecraft:killed":{"minecraft:magma_cube":4,"minecraft:creeper":1,"minecraft:skeleton":4,"minecraft:zombie":1,"minecraft:cow":1}},"DataVersion":3465}