{"stats":{"minecraft:killed_by":{"minecraft:player":1,"minecraft:skeleton":2,"minecraft:spider":1},"minecraft:used":{"minecraft:birch_boat":1,"minecraft:chest":5,"minecraft:shield":4,"minecraft:iron_sword":55,"minecraft:iron_chestplate":1,"minecraft:torch":1,"minecraft:mutton":1,"minecraft:crafting_table":2,"minecraft:white_bed":3,"minecraft:grass_block":1,"minecraft:iron_axe":92,"minecraft:birch_sapling":4,"minecraft:string":1,"minecraft:iron_pickaxe":3,"minecraft:iron_helmet":3,"minecraft:smooth_quartz":3,"minecraft:iron_boots":1,"minecraft:beef":1,"minecraft:birch_log":8,"minecraft:egg":2,"minecraft:cooked_beef":3,"minecraft:iron_leggings":1},"minecraft:custom":{"minecraft:mob_kills":15,"minecraft:interact_with_crafting_table":3,"minecraft:time_since_death":14926,"minecraft:sleep_in_bed":1,"minecraft:climb_one_cm":13034,"minecraft:time_since_rest":1774,"minecraft:sprint_one_cm":62974,"minecraft:damage_taken":2477,"minecraft:walk_one_cm":69974,"minecraft:damage_blocked_by_shield":405,"minecraft:drop":55,"minecraft:damage_dealt":2119,"minecraft:swim_one_cm":4904,"minecraft:fly_one_cm":128044,"minecraft:open_chest":19,"minecraft:crouch_one_cm":1454,"minecraft:play_time":35080,"minecraft:deaths":6,"minecraft:sneak_time":458,"minecraft:walk_under_water_one_cm":385,"minecraft:boat_one_cm":15837,"minecraft:jump":517,"minecraft:walk_on_water_one_cm":2304,"minecraft:total_world_time":35080,"minecraft:fall_one_cm":22806},"minecraft:mined":{"minecraft:white_bed":1,"minecraft:red_bed":2,"minecraft:chest":1,"minecraft:spawner":2,"minecraft:spruce_stairs":2,"minecraft:birch_log":72,"minecraft:light_gray_concrete":1,"minecraft:spruce_slab":1},"minecraft:dropped":{"minecraft:iron_ingot":3,"minecraft:birch_planks":64,"minecraft:cooked_beef":64,"minecraft:chiseled_quartz_block":10,"minecraft:dark_oak_sapling":1,"minecraft:birch_sapling":11,"minecraft:orange_tulip":1,"minecraft:iron_helmet":1,"minecraft:rotten_flesh":4,"minecraft:leather":1,"minecraft:name_tag":2,"minecraft:light_gray_concrete":22,"minecraft:spruce_stairs":3,"minecraft:stick":8,"minecraft:emerald":2,"minecraft:red_bed":1,"minecraft:dark_oak_log":2,"minecraft:gunpowder":1,"minecraft:torch":1,"minecraft:iron_chestplate":1,"minecraft:smooth_quartz":2,"minecraft:iron_door":2,"minecraft:map":1,"minecraft:chest":2,"minecraft:spruce_slab":4,"minecraft:iron_axe":4,"minecraft:arrow":5,"minecraft:beef":2,"minecraft:iron_pickaxe":2,"minecraft:string":14,"minecraft:music_disc_cat":1,"minecraft:bone":14,"minecraft:redstone":1},"minecraft:picked_up":{"minecraft:birch_log":72,"minecraft:iron_door":2,"minecraft:leather":1,"minecraft:chiseled_quartz_block":10,"minecraft:birch_planks":64,"minecraft:gunpowder":1,"minecraft:map":2,"minecraft:music_disc_cat":2,"minecraft:string":22,"minecraft:red_bed":2,"minecraft:iron_axe":2,"minecraft:name_tag":2,"minecraft:bone":15,"minecraft:orange_tulip":1,"minecraft:beef":3,"minecraft:iron_ingot":3,"minecraft:smooth_quartz":1,"minecraft:spruce_slab":6,"minecraft:chest":2,"minecraft:birch_sapling":15,"minecraft:egg":2,"minecraft:dark_oak_sapling":1,"minecraft:stick":10,"minecraft:birch_boat":1,"minecraft:torch":1,"minecraft:spruce_stairs":3,"minecraft:white_bed":1,"minecraft:redstone":1,"minecraft:dark_oak_log":2,"minecraft:light_gray_concrete":22,"minecraft:arrow":9,"minecraft:rotten_flesh":4,"minecraft:iron_helmet":2,"minecraft:emerald":2,"minecraft:mutton":4,"minecraft:white_wool":3},"minecraft:crafted":{"minecraft:crafting_table":2,"minecraft:birch_boat":1,"minecraft:birch_planks":256,"minecraft:white_bed":1},"minecraft:killed":{"minecraft:magma_cube":4,"minecraft:creeper":1,"minecraft:sheep":3,"minecraft:skeleton":5,"minecraft:zombie":1,"minecraft:cow":1}},"DataVersion":3465}