{"stats":{"minecraft:used":{"minecraft:iron_helmet":1,"minecraft:iron_chestplate":1,"minecraft:chest":5,"minecraft:iron_boots":1,"minecraft:iron_leggings":1,"minecraft:grass_block":1},"minecraft:mined":{"minecraft:red_bed":2},"minecraft:custom":{"minecraft:jump":73,"minecraft:open_chest":10,"minecraft:time_since_rest":9056,"minecraft:damage_dealt":25,"minecraft:crouch_one_cm":172,"minecraft:sprint_one_cm":7280,"minecraft:play_time":11080,"minecraft:deaths":1,"minecraft:time_since_death":9023,"minecraft:walk_one_cm":13609,"minecraft:sneak_time":66,"minecraft:total_world_time":11080,"minecraft:fall_one_cm":1463,"minecraft:fly_one_cm":5743},"minecraft:picked_up":{"minecraft:red_bed":2}},"DataVersion":3465}